date,yt_pred_time_trend_1_dummy,yt_pred_time_trend_2_dummy,yt_pred_time_trend_3_dummy,yt_true,yt_pred_time_trend_4_dummy,yt_pred_time_trend_5_dummy,yt_pred_time_trend_6_dummy,yt_pred_time_trend_7_dummy,yt_pred_time_trend_8_dummy,yt_pred_time_trend_9_dummy,yt_pred_time_trend_3_fourier,yt_pred_stacked_mlp,yt_pred_d1d13_ar13,yt_pred_d1d12_mlp,yt_pred_mlp_8
1946-01-01,1095.0249999999992,1444.198616180507,1197.3892389014331,890,983.8811044314604,856.242656504489,643.0323474005766,672.9450328405242,860.2308159460588,750.7791752546602,1138.240263583133,,,,
1946-02-01,1077.3934210526309,1417.7272045877276,1182.2558001361936,992,986.834323043132,875.5296796769034,700.4963080278758,723.0845218622292,852.3480754773135,786.1303530572279,1250.6692805200862,,,,
1946-03-01,1214.0776315789465,1545.5715803337537,1321.1474334396976,979,1143.231530834819,1047.2140924164369,907.2026267522916,923.3423060172016,1003.3716384331642,972.0705209431944,1282.0046880942168,,,,
1946-04-01,1322.1302631578938,1644.7843762768762,1431.116770390895,959,1270.1404524475277,1188.3923013300275,1080.429786735835,1090.9381780601525,1129.6339288310255,1125.9202622948162,1425.2150843147772,,,,
1946-05-01,1385.0249999999992,1698.83927674319,1495.6374952003118,1110,1351.049865153817,1282.5810108677756,1203.8720096359214,1209.5108826343892,1213.9389182758175,1231.380947375911,1564.7241622380238,,,,
1946-06-01,1539.4986842105254,1844.473122881762,1651.44644997321,1546,1522.711704121003,1466.5593285857958,1414.4814824556274,1415.9602674093674,1392.401475025936,1425.3790238292054,1531.9319146678731,,,,
1946-07-01,1929.709210526315,2225.843808421344,2042.701529446432,1539,1929.2989571479625,1884.526659883279,1856.6263738609227,1854.6052257372207,1808.6025678748904,1852.2259024708617,2199.885663947838,,,,
1946-08-01,3034.4986842105254,3321.7934352765697,3148.244838883136,3401,3049.66882255991,3015.365865897127,3009.3541136584527,3004.446904514415,2940.8497966580144,2990.882916268601,2989.3103428884065,,,,
1946-09-01,2284.709210526315,2563.16412667662,2398.91848354648,2092,2314.67849868204,2289.959052975653,2303.707303851444,2296.4845456678872,2219.490616195159,2272.278724429342,2535.8518322346986,,,,
1946-10-01,1815.6565789473675,2085.271657162996,1930.0382529101475,1436,1859.6588680500809,1843.66125688912,1875.1975244332448,1866.1892244240576,1779.3835149836166,1831.784428529412,1845.1812415880104,,,,
1946-11-01,1636.130263157894,1896.9055003584456,1750.3936206583508,1301,1693.414497410294,1685.3004428297338,1732.8054549691983,1722.5039054145157,1628.8955680603158,1678.2148250714347,1778.8667492289214,,,,
1946-12-01,1397.6039473684202,1649.5393429107253,1511.4582710016136,1287,1467.4341640352477,1466.3880317274943,1528.191522495944,1517.054027142196,1419.1105727635172,1463.0400084371877,1539.9901752271903,,,,
1947-01-01,1220.817543859648,1464.4041988594968,1362.532522178096,1488,1329.9953440402592,1350.37265172108,1422.6431786623266,1407.3120643462623,1310.7552746353854,1362.40031612512,1302.4547672028712,,,,
1947-02-01,1203.1859649122798,1438.9149915567698,1344.924980777525,1517,1322.4208985736766,1348.421008634251,1427.45844139047,1412.0037800225182,1322.1307796313868,1365.8093068721912,1412.430127355236,1205.9091766608774,,,1260.8287581197696
1947-03-01,1339.8701754385957,1567.7415715928482,1481.3748133795798,1707,1468.5013454551888,1499.4933465983383,1584.0214703245292,1568.703131870198,1486.7053319242457,1522.0528686286516,1441.3439891327448,1282.3323781895372,,,1360.020366506708
1947-04-01,1447.922807017543,1667.9365718260235,1588.9346515632103,1729,1585.3027323189071,1620.675505481229,1709.5321827357016,1694.5846024186048,1621.3372249522668,1648.183294051225,1582.16495054465,1273.433292694676,,,1434.9276830258302
1947-05-01,1510.817543859648,1722.9736765823898,1651.0781795389423,1788,1656.3121594304976,1695.473706859369,1787.6077434733756,1773.2419819361187,1709.3276570118371,1727.6600523921004,1719.316704647208,1335.6017470015531,,,1488.1159796137486
1947-06-01,1665.2912280701746,1869.5897270110145,1804.5422394120385,2008,1818.2798849503813,1860.6566592806173,1955.1247783062183,1941.5305299306,1887.261069434832,1897.192389483336,1684.1992442443357,1497.3697155066295,,,1665.9033804755445
1947-07-01,2055.501754385964,2251.9426168406494,2193.48472591934,2203,2215.377219670542,2260.413453001307,2356.377376730239,2343.7249279414286,2299.161319243467,2300.897591427387,2349.859891679545,1863.957944914859,,,1959.1560238786856
1947-08-01,3160.291228070175,3348.874447985927,3296.747744324005,3713,3326.4596849092995,3373.6167178808782,3470.3403579374008,3458.7824973093107,3423.753158284452,3417.564388257497,3137.023579763325,2894.159199623361,,,2746.7774581373733
1947-09-01,2410.501754385964,2591.22734367603,2545.1733998891923,2946,2582.382801984955,2631.138412855581,2727.9851683623565,2717.659050343214,2691.7763858457847,2677.968867888625,2681.336189240795,2863.775341039616,,,2630.703128844552
1947-10-01,1941.4491228070167,2114.317078452459,2074.077482088586,2082,2118.475776426344,2168.3235101490136,2264.7536739668244,2255.7826380428296,2238.457936262915,2217.348165704233,1988.468829713252,2029.615235978266,,,2093.597527732729
1947-11-01,1761.922807017543,1926.933125937961,1892.249464606397,2033,1943.5414979728328,1993.9899952721155,2089.558268312282,2082.053615430352,2072.510321125736,2044.4003525926776,1919.9896794612744,1480.9424720209256,,,1741.7666614193508
1947-12-01,1523.3964912280694,1680.5491727802937,1651.16303165315,1937,1709.0670668900952,1759.639393339015,1853.9925069501064,1848.055235015391,1845.3406350090984,1810.494733849659,1678.9805585546212,1537.4542162262408,,,1677.8859347553462
1948-01-01,1346.610087719297,1496.3962330191175,1500.118501467004,1711,1563.3282822865565,1628.7105205379185,1719.2783710533115,1711.2182179312554,1717.977632160664,1691.6855492999944,1439.344714613347,1652.0117303249654,,,1753.5357886832237
1948-02-01,1328.978508771929,1471.889230006443,1480.4244806376878,1775,1547.6463283036694,1612.360354607512,1696.6497955684506,1690.2270144993902,1709.0039705045112,1677.4137637204162,1547.251749836723,1669.055356603778,,,1739.437567935572
1948-03-01,1465.6627192982446,1601.698014332574,1614.8201357448788,1902,1685.8100457542296,1749.5394954594506,1827.4282311552013,1822.614718992857,1852.149802440644,1816.40504303152,1574.12939767321,1883.153469313908,1972.255844928933,1926.049644751516,1888.1827194795087
1948-04-01,1573.715350877192,1702.875218855802,1720.358098367528,1846,1794.8838052654542,1857.3242226073417,1928.7522465822024,1925.5154078523003,1964.5164802827007,1925.6627524412493,1712.9462561320595,1939.414730605254,1965.2077776186552,1887.2497140495148,1983.316236258442
1948-05-01,1636.610087719297,1758.894527902221,1780.5120527161607,2083,1858.3530300961152,1919.21128113875,1984.1790051690407,1982.4829304569348,2029.63018782608,1988.6077039517447,1848.126018269529,1892.824074311289,2015.5355067383664,1863.4183278324908,1983.9057651298167
1948-06-01,1791.0837719298238,1906.4927826208984,1932.018840896039,2262,2012.9663013997408,2071.959986978052,2130.526464618162,2130.3330782595744,2184.283036279699,2141.919783480997,1811.068676889535,2084.8934484011056,2424.4744858631075,2265.4727309741397,2158.2066304630985
1948-07-01,2181.2942982456134,2289.827876740585,2319.0363576440045,2193,2402.8932529614194,2459.7501216234923,2512.031366313769,2513.301544985947,2572.689976646352,2529.695291779333,2474.821554335589,2533.9061811109777,2359.073541826468,2415.9099108447663,2554.716004430552
1948-08-01,3286.083771929824,3387.741912175916,3420.406708223217,3792,3506.987729092579,3561.445090041826,3607.6124877812617,3610.307151584416,3673.7510007459578,3630.709473991224,3260.1095834181806,3224.9487829434306,3968.0454167379567,3664.941867299805,3127.638201003202
1948-09-01,2536.2942982456134,2631.077012156072,2666.9719978968333,2343,2756.1035741046244,2807.9077101420107,2848.186526724804,2852.2677043454905,2918.365998077534,2875.731606787308,2802.578644882429,3492.979939566472,2808.073884261493,2984.137382679619,3252.58707489919
1948-10-01,2067.241666666666,2155.148951222553,2194.048016138538,2313,2285.5683165195,2334.473896985753,2369.141879802528,2374.573749349497,2441.9075302190186,2399.9979070336126,2107.89984832963,2224.2772761725173,1778.0672838479368,1437.8881294894472,2329.598192114197
1948-11-01,1887.715350877192,1968.747202998108,2010.4242366325427,2179,2104.1831690696754,2149.9526627874966,2179.3387371900662,2186.088644296224,2253.2199425688777,2212.210683450847,2037.6413720403643,2132.686406582887,2014.340903926257,2225.045939403612,2212.224623916176
1948-12-01,1649.1890350877184,1723.3454541304927,1767.574343589371,1975,1863.4335550139328,1905.836643230273,1930.3197034615105,1938.3591582403449,2003.8290225446456,1963.747942336758,1794.8850360843894,2016.651243986959,2064.639740338307,2045.724509172648,2040.1687921261075
1949-01-01,1472.4026315789465,1540.174718659369,1614.7986552471823,1880,1711.593596453802,1765.5558489365894,1783.2570477119878,1788.7800487708569,1854.8697118646423,1830.6764363789064,1553.5340880817596,1838.43563066775,1946.737616686484,1704.6241813906172,1933.9856433428847
1949-02-01,1454.7710526315782,1516.6499199367477,1593.4057781957056,1930,1689.9828005238433,1740.2585359448296,1749.3362182003918,1756.000328391326,1825.018969463741,1802.452844330965,1659.7581302317471,1896.2684076311289,1920.0382763384189,1902.8991330630236,1924.142354971164
1949-03-01,1591.4552631578938,1647.4409085529314,1726.1348790146185,2060,1822.3883310299573,1868.886666331745,1869.831390779796,1877.5181848718128,1948.089964715803,1927.8211757296435,1684.9848959828123,2049.0046827920337,1982.7815379669228,2018.847478118716,2053.185689511821
1949-04-01,1699.507894736841,1749.6003173662118,1830.038589282871,1843,1925.8728815924685,1968.507965641436,1961.8350577841209,1970.433324825948,2041.2563689974604,2023.8052355610112,1822.1829833442068,2077.092607009939,2044.2205330800784,1966.902507671799,2121.5484272168123
1949-05-01,1762.4026315789465,1806.6018307026832,1888.5905932109897,2052,1983.9201984632537,2022.6107088573576,2008.859490960956,2018.265769615656,2088.106557278031,2073.8478750318413,1955.776085372188,2074.2585815882444,2085.3814693783934,2040.8154228500416,2138.687668806007
1949-06-01,1916.8763157894728,1955.1822897114127,2038.527732904236,2039,2133.2771857889484,2167.945825665177,2147.6789277943,2157.798029392589,2225.4852581610894,2214.6521574587737,1917.1641948706715,2213.790710950877,2220.651094997744,2189.644815341353,2266.962148436801
1949-07-01,2307.0868421052623,2339.499588121153,2424.007903099452,2351,2518.111800347746,2548.6847951898253,2522.4875472942813,2533.233067976474,2597.6510046552057,2590.3382722339907,2579.39463418317,2433.34039241493,2249.044692701502,1931.9628214173365,2466.51375748135
1949-08-01,3411.8763157894728,3438.395827846536,3523.8732090597964,3394,3617.276209444181,3643.682803890141,3612.162708947435,3623.457532256528,3683.5388580605822,3679.705670514161,3363.1923361201734,3251.918120124103,3762.607581117477,3909.9215692619655,3112.6185945619177
1949-09-01,2662.0868421052623,2682.7131321167444,2768.9657560484275,3581,2861.622580382766,2883.7945350325663,2847.5808232451045,2859.3576145353004,2914.075772359801,2913.5477903711494,2904.2031814268,3016.640934569318,2548.4353384914266,1907.178033012324,2846.6459543004894
1949-10-01,2193.034210526315,2207.7672754732785,2294.6013335390285,2489,2386.476764678548,2404.3478529016847,2364.0911169494693,2376.292810973332,2424.6538610043817,2427.1246342026047,2208.0982797043453,3097.2310394574847,2640.605934145344,3519.3448277620664,2984.594223440351
1949-11-01,2013.5078947368413,2022.3477315388857,2109.569415215812,2468,2200.638298057106,2214.1438028002194,2170.5157141479085,2183.0959971884345,2224.129986093378,2229.161618703839,2136.445809233391,2336.367524001348,2469.6987478975752,2323.4895344115284,2447.210598083738
1949-12-01,1774.9815789473676,1777.9281869613233,1865.3436852893003,2134,1955.5909267703275,1964.667137364877,1918.360243624792,1931.28403153338,1964.0358792517395,1971.05890734001,1892.327590083694,2176.2384981414434,2226.1934964846605,2219.070577977526,2239.320614258432
1950-01-01,1598.1951754385957,1595.7396557802526,1711.224461997655,1903,1799.607095912848,1819.3400680372367,1768.761075474887,1778.2223355902784,1805.5063020270563,1828.904213229393,1649.6468698753092,1995.8158248486693,2046.4588016074367,2002.4748894882384,2070.482450931117
1950-02-01,1580.5635964912271,1573.1970613476833,1688.5203519306028,1719,1774.0046356123337,1789.303135540153,1732.8688222369126,1742.531163638378,1767.212342548085,1792.1737591118604,1754.573250807508,1989.7650353954864,1992.470344726052,1915.0539780956976,2033.956729961612
1950-03-01,1717.247807017543,1704.9702542539198,1819.9705216678224,1617,1902.569032667792,1913.4906705002463,1851.9238738148,1861.680525866242,1882.956028309988,1909.629487497884,1778.534466328751,2031.4423562616848,2074.5844593709207,1810.02521297838,2029.406107196108
1950-04-01,1825.3004385964905,1808.1118673572528,1922.6276027882648,1818,2002.361303692652,2008.9628508768844,1942.985972855178,1952.7425345816523,1969.8950233135647,1998.311354842785,1914.4991144482904,1940.6552377093,1683.141804259445,1357.509379626962,1992.4547221399064
1950-05-01,1888.195175438596,1866.0955849837767,1979.9652795024545,2067,2056.863517931899,2059.2004879341857,1989.535664171022,1999.2102025218835,2011.597221435607,2041.6764348550955,2046.8908882223827,2077.5738377445814,1980.5450024229017,1986.5326322385736,2110.0116713746493
1950-06-01,2042.668859649122,2015.6582482825595,2128.720393915654,2457,2202.820902525273,2200.9471315038763,2128.316467555225,2137.839619073277,2144.882774648412,2176.439958922502,2007.1097804549447,2178.55697223854,2195.699723519924,2023.2119432086447,2224.14210489509
1950-07-01,2432.879385964912,2400.957750982352,2513.0508407647053,2600,2584.3997372440745,2578.3669647223496,2503.492840061168,2512.807917100408,2513.9819085583467,2546.732125602341,2668.2031134894883,2700.5676431352467,2317.670010183856,2729.258623732332,2698.725168540335
1950-08-01,3537.668859649122,3500.836194997788,3611.798725312768,3530,3680.450512385944,3670.307961925301,3593.913401443808,3602.976504070953,3597.7979978426984,3631.36015182896,3450.895820136502,3381.338698258829,3950.114521213785,3612.1437164702256,3306.456967995082
1950-09-01,2787.879385964912,2746.1357035580486,2855.8061528229982,2693,2921.823718248498,2907.6176781214253,2830.42679117891,2839.206925895645,2827.2232691655327,2861.122932599525,2990.8337811411066,3732.599047539772,2955.789534250798,3674.045434561544,3577.912782447563
1950-10-01,2318.826754385964,2272.172051204635,2380.388912769081,2448,2443.8435293398925,2425.6169332029613,2348.355420219912,2356.8346266416734,2337.612393656428,2371.283570977054,2293.688106104597,2701.1937008081413,2185.362043995555,1562.8286294956051,2725.543317076077
1950-11-01,2139.3004385964905,2087.734711560295,2194.336478835228,2250,2255.3078043788128,2233.0998119456785,2156.495538543116,2164.669025173365,2137.7823891411927,2170.56819776986,2221.0269733075547,2469.363887306733,2356.63328220858,2380.871070154204,2495.2768998701727
1950-12-01,1900.7741228070167,1844.297371272785,1949.122535231963,1972,2007.6986126102497,1981.5441903247345,1906.327829010316,1914.2041192439297,1879.223041624416,1910.375289902093,1975.9322028197355,2177.622693083817,2083.927275864969,1880.782038651816,2192.076661085717
1951-01-01,1723.9877192982449,1663.091044381767,1794.0474001974453,1682,1849.286722121947,1834.3654869855527,1758.9646304730247,1762.7830665765246,1723.0253540349468,1766.7884744789212,1732.307042261195,1950.7759584536248,1834.4339849892567,1698.8347702868946,2002.653619390742
1951-02-01,1706.3561403508763,1641.5306542392505,1770.4196803214036,1730,1821.3882860346769,1802.6975337202343,1725.533425396872,1729.0044546913955,1687.8151191703464,1729.2775043308598,1836.3210938312047,1781.490203186397,1632.1512663734024,1456.1350227669136,1840.2046706665635
1951-03-01,1843.040350877192,1774.286051435539,1900.978542183516,1814,1947.7871141405524,1925.4680360900363,1847.252361273671,1850.3172242500343,1807.3477968975008,1846.595497260404,1859.4020909782264,1831.821727308376,1650.0431531642243,1591.0827566140788,1878.897587188282
1951-04-01,1951.09298245614,1878.409868828925,2002.776617362732,1900,2045.54254604611,2019.7306308543648,1941.159812489757,1943.773015169745,1898.7334640291183,1935.7712719808865,1994.5186317115104,1963.862264144632,1735.5211881898458,1981.6270840454415,2021.392437881441
1951-05-01,2013.9877192982449,1937.3757907455013,2059.2875900695785,2051,2098.1349739894385,2068.9596719427773,1990.7158162404733,1992.8449646111708,1945.491648945924,1980.2485050192213,2126.0944090873136,2144.152572075086,2059.432309280204,2114.699481869694,2188.512920383572
1951-06-01,2168.461403508771,2087.9206583343366,2207.2483024093167,2290,2242.3079481033856,2209.8923357178337,2132.64423183454,2134.269882647815,2084.3935897746514,2116.726835746073,2085.529415909554,2411.998725209679,2243.0639720915124,2399.310225862266,2435.181010205792
1951-07-01,2558.6719298245607,2474.202365324182,2590.816649118789,2599,2622.2260711523595,2586.686515712162,2511.0906894654945,2512.206218317785,2459.6202687847062,2489.318750678128,2745.870974521742,2769.0959779411096,2505.690404479523,2396.55963181122,2744.434115647028
1951-08-01,3663.461403508771,3575.0630136296704,3688.834735461153,3428,3716.738156427103,3678.18398052308,3604.885802143559,3605.4972897438834,3550.0256957744523,3576.811718919724,3527.844017734368,3294.647160296792,3447.2218188010147,3485.8732154984755,3174.0527430359903
1951-09-01,2913.6719298245607,2821.344726479984,2932.1446666995694,2262,2956.693017218344,2915.226163286316,2844.861009205757,2844.9871467414373,2786.4528082210263,2809.982944738268,3067.0944262925505,3229.347003890203,3216.806776688809,2553.471171557675,3072.884291689687
1951-10-01,2444.619298245613,2348.363278416623,2456.06223230772,2242,2477.41315102734,2433.127845886531,2366.322314563593,2365.9943290722163,2304.207250469607,2324.071998361573,2369.293309797585,2411.6696728695106,2018.5965940809683,1971.832790344134,2483.550921091401
1951-11-01,2265.0929824561395,2164.9081430623355,2269.376905969815,2103,2287.6947395658835,2240.677158957317,2178.05034073904,2177.31194139828,2112.0574523437926,2127.7797436245864,2296.0088465300537,2225.98641153426,1945.350122515054,2011.906079328326,2264.6624653623826
1951-12-01,2026.566666666666,1922.4530070648784,2023.562371896382,1825,2039.018175072072,1989.346108197055,1931.5109092180408,1930.418255459544,1861.445216869087,1872.4777707642663,2050.322856559713,1997.8971869980007,1810.473888536565,1788.6269865216896,2022.9634877172048
1952-01-01,1849.7802631578936,1742.228884463913,1867.9189483255773,1670,1879.652548626756,1842.544325839784,1787.8022500455552,1782.641289013301,1713.414325313798,1734.2213206689798,1806.138587506617,1764.9384968070965,1564.4544369281916,1498.6233230197545,1861.170430536144
1952-02-01,1832.1486842105253,1721.650698611449,1843.755241847132,1681,1850.9123363438127,1811.39994113162,1758.0384759407532,1752.565073292482,1686.5442566749216,1702.4503856865508,1909.6256415700389,1792.8236390046293,1574.5203931965766,1681.4692631821204,1841.209893817581
1952-03-01,1968.832894736841,1855.3883000977903,1973.8104190407207,1713,1976.579671008463,1934.835040953236,1883.4250901999687,1877.6245737535587,1814.5452018592723,1825.887078551476,1932.2117521984376,1891.2066494756843,1586.8698042319584,1728.1090612599678,1931.9919983673324
1952-04-01,2076.8855263157884,1960.4943217812288,2075.1371114852977,1954,2073.7122152203465,2029.8977272488496,1980.988535055832,1974.8580333675031,1914.483141171916,1921.528101775652,2066.8655174010664,1919.1028244791264,1792.4934808245737,1761.3966541436253,1986.95592812284
1952-05-01,2139.780263157894,2020.4424479878576,2131.209003391386,1876,2125.788684210664,2080.056902998226,2034.1776140826005,2027.725767556401,1969.834797373837,1972.784041146896,2198.010630234181,2108.3941124616213,2064.0757810885334,2066.101766494521,2135.943013850513
1952-06-01,2294.25394736842,2171.969519866745,2278.7629368642483,2272,2269.5509511053606,2222.044377479532,2179.70563799133,2172.9523365846594,2117.330003311868,2116.320609887788,2157.0470835016995,2207.809387753809,2292.972049805392,2075.1671450320846,2269.715557738094
1952-07-01,2684.4644736842097,2559.2334311466434,2661.9568066407264,2612,2649.161941661957,2600.012761006399,2561.708359892189,2554.6845081050647,2501.10983697588,2496.215674027236,2817.0221995471325,2733.6900191222726,2496.1662001117747,2542.912595390935,2684.39435850522
1952-08-01,3789.25394736842,3661.076283742184,3759.63271798398,3590,3743.468792164301,3692.79862282255,3659.007173717131,3651.7544835459134,3599.9899969468343,3591.2215302757854,3598.6609111809694,3180.8044930512915,3402.31706455876,3404.2509184408864,3034.7348630131014
1952-09-01,3039.4644736842097,2908.34020088255,3002.6327761571656,2496,2983.318638896224,2931.2382805755096,2902.424944220842,2894.995756758444,2844.776786201731,2832.079801842064,3137.6090991483297,3044.3978895033088,2527.949162726716,2386.925616540566,2886.170529707978
1952-10-01,2570.4118421052626,2436.340957109242,2526.2727706339683,2441,2504.032302352095,2450.64148452714,2427.2597317192594,2419.7168680830923,2370.740966744411,2353.9942127366253,2439.537873050509,2393.7043620233767,2391.274556499628,2439.75006286389,2457.412065039796
1952-11-01,2390.8855263157884,2253.868026045008,2339.342175098599,2340,2314.404287236808,2259.7914175536257,2242.284832616374,2234.701474888208,2186.617905635251,2165.629658668925,2366.015411168089,2220.6471577788966,2195.558485689038,2266.447247696229,2268.818424125736
1952-12-01,2152.359210526315,2012.3950943376024,2093.3146737615816,2090,2065.91330878157,2010.1552214613407,1998.9593462485807,1991.41894910528,1943.8182223060096,1918.321782329151,2120.123533570826,2018.2979385608176,2020.759905111632,2026.2695548128067,2050.985174066736
1953-01-01,1975.5728070175428,1833.1531760266896,1937.4905848610767,1812,1906.826781060332,1865.137748457714,1858.3753709705777,1847.1889512986068,1803.3564455543333,1788.090038874116,1875.7654878787755,1864.155415988536,1841.8684165104205,1899.4912266596425,1941.240382367185
1953-02-01,1957.9412280701745,1813.5571944642784,1913.178514986811,1788,1878.4575031800844,1835.8624316276555,1831.641464761276,1820.587693026505,1783.7847775396758,1764.33893625047,1979.110876291208,1816.670486556125,1852.2640728521565,1785.680339791339,1874.6076359552203
1953-03-01,2094.6254385964903,1948.2770002406724,2043.1176307184644,1837,2004.585930919148,1961.2467455560188,1959.9581396177523,1949.042852264703,1918.7881452227984,1895.7555414611293,2001.587432256585,1912.3950347339191,1915.464999225719,1782.776016247462,1953.9523878268487
1953-04-01,2202.678070175438,2054.365226214163,2144.3605636349853,1993,2102.268049870273,2058.3342637566066,2060.3473964051227,2049.5859111454934,2025.4093080527773,1999.302084685669,2136.163753784159,2005.720384707392,2021.0194374229973,2040.4598131588216,2052.159336276747
1953-05-01,2265.572807017543,2115.295556710845,2200.380997946901,2021,2154.980898257761,2110.589444644168,2116.25413375262,2105.6709451151305,2087.103834357181,2058.355384478129,2267.263533930184,2054.827335105387,2065.683179986679,1878.8823790057395,2106.0136949694074
1953-06-01,2420.046491228069,2267.8048328797854,2347.9157757594726,2199,2299.464672200673,2254.7397367972435,2264.3882803398155,2254.0167893185403,2240.58248562946,2209.548220195766,2226.2867654985807,2295.8721430325745,2381.239722657476,2379.6677918888254,2347.070659818836
1953-07-01,2810.257017543858,2656.050948449736,2731.122791809542,2622,2679.880620449626,2634.9334736952487,2648.882716649517,2638.7649949114725,2629.969361761857,2596.9264818264805,2886.2807708328583,2744.808213166378,2609.9441725559764,2502.3814918682046,2725.706456248556
1953-08-01,3915.0464912280695,3758.8760053353294,3828.844151360269,3787,3775.0742022815793,3730.003031613073,3748.55645988146,3738.7430489864178,3734.065280380116,3699.211568140616,3667.970482743506,3314.049780571979,3529.749554751544,3562.867064563396,3177.8127733100177
1953-09-01,3165.257017543858,3007.122126765748,3071.9219596748108,2914,3015.890876973469,2970.780619094822,2994.2304804439773,2984.7802265314363,2983.6637584373048,2947.1153982548444,3207.001781975645,3318.8876987075228,2554.2235968120904,2658.2049218104366,3138.6287775133123
1953-10-01,2696.204385964911,2536.1050872824926,2595.672006226851,2487,2537.649788012768,2492.5719611643244,2521.201413183404,2512.181337580439,2514.024858729196,2475.8132968246523,2509.0457781305686,2800.5059736954613,2726.6867451614507,2823.4722302575283,2807.735699686662
1953-11-01,2516.678070175438,2354.6143605083103,2408.883764700601,2314,2349.14376309748,2304.1562993251296,2338.2415844016587,2329.7267906086613,2333.875322097428,2293.943170656345,2435.67064948886,2428.4612879268507,2482.940657002096,2346.306580140659,2485.0704908958696
1953-12-01,2278.151754385964,2114.1236330909583,2163.0309193065864,2139,2101.849840451916,2056.9969178763827,2096.809565191508,2088.8831826972214,2094.619195395916,2052.8151842349635,2189.9582161202748,2166.385387604842,2056.640816530725,2022.969740752756,2199.950082345504
1954-01-01,2101.365350877192,1935.8639190700976,2007.4137882829657,2124,1944.0337571431369,1914.4948953836763,1957.9973540131607,1946.967866004756,1957.2664638118977,1928.424919707892,1945.8117256448688,1971.421418556529,1891.643382800355,1823.4797567884923,2028.901301617407
1954-02-01,2083.733771929824,1917.2501417977392,1983.3409782194665,2214,1917.0066352712315,1887.7699751554728,1932.9138237911973,1922.5552023033133,1940.3667850526208,1910.1547056955333,2049.4007802619126,2026.1910545552687,2047.092538308435,2064.485182565391,2033.03707997002
1954-03-01,2220.41798245614,2052.952151864186,2113.551655695768,2234,2044.547253607633,2015.7360258655888,2062.760202799167,2053.071470349072,2077.6045060328715,2046.6712057928253,2072.153113419868,2188.8486152580685,2188.910692110557,2226.4006779970173,2174.3806753770696
1954-04-01,2328.470614035087,2160.022582127729,2215.09845229082,2279,2143.709920738196,2115.433098982191,2164.55959600037,2155.547195341326,2186.023731060831,2154.9180984443105,2207.037323127986,2266.3896934127674,2397.59239757924,2352.122449476592,2286.8030590712497
1954-05-01,2391.365350877192,2221.935116914464,2271.455052215148,2423,2197.969997880331,2170.322214739773,2221.758380434847,2213.4359295725785,2249.083254169537,2218.2555712082126,2338.4771024425227,2265.411107100131,2251.754149424397,2268.218559024617,2315.1422867203974
1954-06-01,2545.8390350877185,2375.4265973734564,2419.3582975740137,2290,2344.066004146199,2317.1274674020324,2371.068323996245,2363.456410078453,2403.4988949802164,2373.3017553704144,2297.872444167397,2447.165039108652,2605.205970226212,2565.8619716450103,2499.836850700852
1954-07-01,2936.049561403508,2764.65491723346,2802.96608310426,2903,2726.157511279529,2699.9939199989285,2756.624493675721,2749.750505987676,2793.401591339072,2764.0899309034744,2958.2706706461195,2804.0615208735726,2862.1593079036884,2674.277827797877,2829.5950049824355
1954-08-01,4040.83903508772,3868.462178409106,3901.120514069046,4485,3823.0883015503823,3797.750762221308,3857.2484269664055,3851.146429258637,3897.600722074897,3869.3309725388704,3740.396714689179,3597.9199930266395,3981.396229431487,4032.4244751788383,3470.152845207705
1954-09-01,3291.049561403508,3117.6905041295768,3144.6636957315286,3085,3065.702157228805,3041.2270998946124,3103.763934845825,3098.474577221268,3146.900028229614,3119.7284018998785,3279.896457041695,3872.9269081491975,3287.061570222675,3578.824075375662,3673.9962981629214
1954-10-01,2821.9969298245605,2647.6556689363742,2668.911417565392,2852,2589.31654479537,2565.7256391894125,2631.4707994962264,2627.0412700832508,2676.5713956139907,2650.4513057934405,2582.441007304964,2943.684387109552,2942.9117598776284,2619.307587847654,2987.9649928185563
1954-11-01,2642.4706140350872,2467.147146452244,2482.6531532548474,2629,2402.7226149411954,2380.0226866214102,2449.144787813043,2445.62880445393,2495.35491964807,2470.1335383443047,2509.5985437595664,2617.409691671752,2725.3903657133005,2638.247975982541,2676.099494107128
1954-12-01,2403.944298245613,2227.638623324945,2237.36258701042,2435,2157.395728883691,2135.578675367268,2208.2481912307867,2205.70603340992,2254.6694627562056,2230.083414380412,2264.450886475259,2406.714500256828,2468.03760941908,2419.0397735099414,2443.885240448425
1955-01-01,2227.157894736841,2050.3611135941374,2082.340037070269,2227,2001.5999466830265,1995.7919167355287,2069.8769947906767,2064.592922640649,2115.5412130972063,2106.296879544813,2020.901283072097,2329.934162620477,2317.5283871793417,2384.7066654321407,2363.956025364919
1955-02-01,2209.526315789473,2032.729540611831,2058.894110024121,1944,1976.644713432401,1971.779470642993,2045.1443107283628,2040.866794430583,2096.537342335486,2088.158841448794,2125.119335749353,2333.49403901878,2340.9693424101124,2280.7609346313748,2325.677504838712
1955-03-01,2346.210526315788,2169.41375496833,2189.763972451656,2125,2106.307130896348,2102.452606237207,2175.2558458491912,2171.95722424895,2231.360943279617,2224.3407526969263,2148.532777955485,2315.9242316487466,2142.592934682514,1920.7045226493192,2325.776825126617
1955-04-01,2454.263157894736,2277.4663895219264,2292.002255931823,2260,2207.639830653832,2204.8488593254488,2277.239409360038,2274.898359200573,2337.076016580143,2331.7932774500973,2284.110207699749,2433.3009864959427,2276.4975961192904,2131.3817480372963,2439.76092366238
1955-05-01,2517.157894736841,2340.361128598713,2349.08264467515,2299,2264.116496915364,2262.4268183467548,2334.5462947469423,2333.14768744019,2397.1623193229707,2393.885764543857,2416.275318038397,2495.5662249826346,2357.0249417504992,2367.072366267861,2506.5639892681565
1955-06-01,2671.6315789473674,2494.834813347759,2497.7419807868955,2323,2412.4739717862185,2411.908229634745,2483.893385043011,2483.428184359463,2548.357615099328,2547.247653138899,2376.4281017753488,2489.280086712785,2347.4866481199406,2126.1053455940746,2571.794534825656
1955-07-01,3061.842105263157,2885.0453374978147,2882.1381590039045,2659,2796.8701500032257,2797.4358921547,2869.421047562915,2869.8862482465897,2934.815678988273,2935.9256409304967,3037.615881254116,3110.9317016651166,2907.7742384582943,2897.8383659660717,3131.217731142353
1955-08-01,4166.631578947367,3989.8348029635135,3981.113284589334,3761,3896.147136829556,3897.8368153981874,3969.956291798335,3971.3548991050898,4035.369530985986,4038.646085750503,3820.563589285186,3838.0567192499298,4038.965598575899,4201.126857440494,3754.421975214944
1955-09-01,3416.842105263157,3240.045332974037,3225.5094628063434,2779,3141.147037528357,3143.9380088567605,3216.328558891204,3218.669609050752,3280.8472664322862,3286.1300055640336,3360.9171066136805,3662.3643359255448,2743.660015664742,2319.006149540981,3511.0659716520327
1955-10-01,2947.789473684209,2770.992702070887,2750.642483128615,2761,2667.1856415733164,2671.040166232506,2743.843405844793,2747.142027445296,2806.545746475148,2813.565937056165,2664.3475428408933,3010.138836729268,2463.585475053731,2504.066223863534,3020.8995821312537
1955-11-01,2768.263157894736,2591.4663838768097,2565.301819240361,2446,2483.0524226486486,2487.917665438046,2561.2825055231087,2565.56002182068,2621.230569727525,2629.6090705973447,2592.423076247407,2810.4035509360124,2441.98325304631,2502.5168669468394,2805.457684569845
1955-12-01,2529.7368421052624,2352.940065039563,2320.961155352107,2278,2240.221064964877,2246.029094912358,2320.114172967488,2325.398245117501,2376.3465355759936,2385.590869112728,2348.2255269029783,2511.828518927322,2272.578167906351,2211.467401985796,2515.250351415169
1956-01-01,2352.95043859649,2176.6447595988075,2166.9208097020096,1879,2086.953951575272,2108.7710050916803,2181.4405209552424,2183.9826787760444,2232.94610811902,2257.532156479504,2105.658142427661,2280.0399452592205,2063.447005838523,2027.264398361596,2304.385953692786
1956-02-01,2335.318859649122,2159.9953909065543,2144.4893888798,1881,2064.5588505661417,2087.2587788859246,2156.380880077872,2159.896863436797,2209.6229786276044,2234.844359914498,2210.890525020728,2024.8083840048,1821.3105596980472,1553.7857770684868,2077.8962221637603
1956-03-01,2472.0030701754376,2297.661809553106,2276.406059465153,2165,2196.811186695126,2220.4020923011312,2286.147252607676,2290.5767820209053,2340.106907550634,2366.226997369626,2235.3504081306382,2197.4447551124576,1944.7964647125275,2025.146232394461,2206.7536437518315
1956-04-01,2580.055701754385,2406.696648396755,2379.723453037021,2199,2300.7619145342924,2325.2369718685013,2387.77380681986,2393.0631644445,2441.4886154494407,2468.660241780994,2372.006389766645,2404.223831950188,2142.348317926136,2265.165504155204,2380.812380307344
1956-05-01,2642.95043859649,2470.5735917635943,2437.915253805931,2308,2359.883041287263,2385.220580616356,2444.718245361546,2450.8202430693104,2497.2745358861675,2525.5442854084126,2505.282162985005,2413.080643194861,2292.6481602948625,2198.643085226664,2421.2434247347333
1956-06-01,2797.424122807017,2626.029480802693,2587.7183038771427,2529,2510.9097320524143,2537.0733233330147,2593.7038970098874,2600.577884698059,2644.2289700465435,2673.540630463935,2466.5777205896347,2488.5244332262896,2228.112918046335,2293.3254092735024,2532.0133472093944
1956-07-01,3187.634649122806,3017.222209242801,2973.290497987499,2573,2897.9982045596826,2924.936741303853,2978.8775978980484,2986.4895118159525,3026.5319967182977,3056.729136310709,3128.940384924046,2976.3122812425177,2774.352124124238,2828.197313496232,2957.702340982497
1956-08-01,4292.424122807017,4122.993878998552,4073.473941400158,3946,3999.988887065349,4027.636670205925,4079.0728359009736,4087.395286763223,4123.042611357213,4153.870294305221,3913.095088798728,3406.8072200036067,4060.843442770123,3635.9859821580912,3325.365659051212
1956-09-01,3542.634649122806,3374.186613299129,3319.110739378279,3200,3247.722207825664,3275.999029581687,3325.125526599739,3334.137927258858,3364.6144629790606,3395.720095597632,3454.6877129588,3576.161313368269,2806.723760822857,2927.25330353965,3400.259023441461
1956-10-01,3073.582017543859,2906.116186686031,2845.5166813955448,2574,2776.5122793074206,2805.323507049504,2852.347683983393,2862.036416433742,2886.56945211549,2917.502752354793,2759.3893670055586,3163.217424095913,2876.90077444511,3150.773692761102,3125.9280195888737
1956-11-01,2894.055701754385,2727.5720727820067,2661.4812411361663,2422,2595.146898187937,2624.383558303685,2669.527406939117,2679.886028426777,2697.697611176797,2727.909690518293,2688.7682292195823,2584.352714553314,2486.6485372491134,2220.9850902811995,2644.655755118025
1956-12-01,2655.5293859649114,2490.027958234812,2418.4781028106704,2446,2355.0980716708527,2384.6369334302967,2428.1393920598075,2439.1688800681345,2449.467477875713,2478.3090219659225,2445.906119670632,2348.387861389081,2227.893366873413,2214.1951078477805,2365.256304560589
1957-01-01,2478.7429824561395,2314.71485708411,2265.8075846572133,2828,2204.6265058025347,2249.4794283780548,2289.2920756932363,2297.218458187466,2302.9544708814165,2344.758482028456,2204.7062859787584,2185.179672707965,2091.8702211722702,2013.1088430786692,2209.931919420917
1957-02-01,2461.1114035087708,2299.0476926819088,2244.778293265525,2879,2185.0382916623967,2230.025755434738,2264.111040511641,2272.625834304408,2276.7743657882484,2316.7065172150783,2311.3383303432365,2448.903042626643,2407.069535848132,2799.793246121806,2396.6857138532428
1957-03-01,2597.795614035087,2437.6963156185134,2378.1293952152832,2800,2320.107177001193,2365.185003849686,2393.81445586848,2402.834531471691,2404.678052618789,2442.8896145231142,2337.229986212525,2700.4151369310025,2905.136984827648,3132.125877754072,2644.43816991807
1957-04-01,2705.848245614034,2547.713358752215,2482.9135220854378,2835,2426.8824393840896,2471.992697262752,2495.442558612129,2504.892812524738,2503.776344426132,2540.324704612331,2475.3498515958763,2694.9031247874746,2853.957148452494,2792.8030470769945,2707.216070106064
1957-05-01,2768.7429824561395,2612.5725064091066,2542.6043580865166,2585,2488.8344090078226,2533.90557967634,2552.459007944832,2562.2724188398474,2557.594650232621,2592.448362461017,2610.121619549548,2732.7325820056403,2897.5513764678635,2907.7133962417597,2760.9019718165614
1957-06-01,2923.216666666666,2769.010599738257,2693.9387453237787,2787,2642.696573963864,2687.6437207182435,2701.5929636726287,2711.7106854107456,2702.915052257168,2735.957932176725,2572.945282877456,2659.6898078148383,2817.8779052974987,2770.039525371973,2735.434636675599
1957-07-01,3313.4271929824554,3161.1855324684184,3081.074578534068,3334,3032.6234749752675,3077.348410378688,3086.9969539212543,3097.3684449426414,3083.934141252811,3114.9684066709183,3236.868163923111,3023.917481850934,3066.490056054574,2794.2682633493,3037.611242141992
1957-08-01,4418.216666666666,4267.939406514222,4182.853962980542,4746,4137.45386329141,4181.845316905016,4187.510006013479,4198.093194650928,4179.526083889107,4208.274533756734,4022.6151954970046,3884.902627346026,4598.273226424708,4673.783806836753,3794.098203268122
1957-09-01,3668.427192982456,3520.114345104851,3430.11900392636,3613,3388.026490161654,3431.960276275332,3433.9734089237536,3444.73489418344,3420.558291090808,3446.665514461888,3565.832258344254,4106.600753538058,3770.81687168409,3965.558286897667,3972.81314717636
1957-10-01,3199.374561403508,3053.0261227818064,2958.185490845204,3463,2919.653791045899,2962.992976409075,2961.704370471187,2972.619657824432,2942.364950779981,2965.397554542129,2872.190462066157,3278.386154500386,3358.173752999255,2949.400064929272,3317.438892245936
1957-11-01,3019.8482456140346,2875.4642131678343,2775.842897421289,3274,2741.1218856145697,2783.7169571669906,2779.4959903003337,2790.5497620348665,2753.746846547506,2773.192687823798,2803.257984943293,3029.6603856788624,3140.227955865856,3273.742846128964,3089.131054134893
1957-12-01,2781.3219298245604,2638.902302910693,2534.5649078651345,2801,2503.9011040644,2545.5901366670028,2538.827759179885,2550.014178851756,2506.181673106922,2521.448079775409,2562.116647045419,2966.921876813631,3198.6634411760806,3268.577951805244,3011.887588220732
1958-01-01,2604.5355263157885,2464.5714060500427,2383.651840414904,2488,2356.250475434883,2412.008562755092,2400.812687542413,2408.3530846856497,2360.7523578807404,2386.2487978457525,2322.669695992591,2920.5510497589285,3015.647233898225,3147.1023577549004,2950.3760707935107
1958-02-01,2586.90394736842,2449.8864459378947,2364.4123016603226,2386,2339.474413798527,2394.087283481703,2376.580698544836,2384.1640562727603,2336.080487014416,2357.0687339675665,2431.08673398408,2799.3892474652607,2715.9089328706305,2495.965443831541,2812.294607818969
1958-03-01,2723.588157894736,2589.517273164552,2499.585458181071,2428,2477.3449898991894,2530.735807724185,2507.3540549161044,2514.8969185524525,2465.921017211086,2482.6677712208643,2458.795494468347,2821.5219132565235,2707.301458926191,2261.7675731257723,2806.096329152718
1958-04-01,2831.640789473683,2700.516520588306,2606.223941556097,2678,2586.909804295152,2638.99016261588,2610.176826261428,2617.606013723887,2567.387043161939,2580.0840275275573,2598.764575454642,2845.8029932995028,2657.630920441685,2422.052267139613,2840.7696325252227
1958-05-01,2894.5355263157885,2766.3578725352504,2667.801435995929,2744,2651.637510176246,2702.307679518014,2668.516230412737,2675.7689205839174,2624.004433983161,2632.772900644416,2735.417669999225,2838.562465056754,2613.690048175185,2389.614996762837,2854.965463949121
1958-06-01,3049.009210526315,2923.7781701544536,2821.054783605828,2772,2808.25991862706,2857.4090992826214,2819.104698168529,2826.128549955732,2772.553878822054,2777.4480417572945,2700.1547709060105,3042.371757274881,2952.827128616708,2906.780124947314,3102.732968323073
1958-07-01,3439.2197368421043,3316.935307174668,3210.141879122635,3520,3200.9298933637474,3248.4364669895704,3206.097727501394,3212.851028908151,3157.228695633511,3158.2380890452355,3366.02320051851,3565.87398639392,3085.3079625306946,3281.226799959013,3622.677665454789
1958-08-01,4544.009210526315,4424.671385510524,4313.904827809509,3833,4308.484508628793,4354.21628984124,4308.337000925654,4314.788847451759,4256.897877263992,4253.948633481474,4153.747891647215,4285.592189263006,4557.493740505441,4894.646201631156,4291.748214663574
1958-09-01,3794.219736842104,3677.828528391205,3563.1857349296097,3377,3561.760838664666,3605.575326636169,3556.666134443112,3562.796636131437,3502.4217439351296,3495.37678333717,3698.9747250372425,3974.076873185364,3274.45370888302,2653.614921859158,3953.5217687580607
1958-10-01,3325.167105263157,3211.7225103582127,3093.3003899566183,3013,3096.0696419243704,3137.8142719796424,3086.4043212267607,3092.204837673364,3029.125465775064,3017.7835890871524,3007.37481028989,3676.3986365297583,2906.6835564745124,3183.2101462888986,3688.948744142144
1958-11-01,3145.6407894736835,3035.1428050342934,2913.038266574749,2871,2920.195361071439,2959.707756283609,2906.3462910924727,2911.819693740535,2845.798877122502,2829.892748099181,2940.516325685737,3313.8361574748305,2852.617668510902,2786.8259848868493,3315.070435048789
1958-12-01,2907.1144736842098,2799.5630990672043,2673.873048994524,2592,2685.6066492957143,2722.7148720826685,2667.97279628851,2673.1337573206306,2603.9067936201563,2583.0997982535937,2701.4810912945404,2943.213558510374,2579.71740776787,2350.033588754788,2929.4748587667486
1959-01-01,2730.328070175437,2626.214406496607,2525.1050554541034,2375,2540.560858629786,2590.232925504778,2532.39772652588,2533.49038028428,2464.517341687965,2453.4847877814486,2464.172354736358,2630.385082549271,2609.4389480750306,2234.408988866888,2639.921975039719
1959-02-01,2712.696491228069,2612.511650674511,2508.042892543216,2304,2526.360726139277,2573.378306747819,2510.751488529997,2511.4898878704603,2446.2353988100467,2430.51310751746,2574.7597182104582,2520.8115625702712,2358.949675008916,2231.428895589892,2533.8365956968173
1959-03-01,2849.380701754385,2753.1246821912214,2645.4257268415386,2464,2666.776645561151,2711.061950701999,2644.256419378893,2644.5844048704507,2582.797326264593,2562.93257837622,2604.670915165302,2591.7053241619537,2262.9825896095645,2310.4518836565258,2602.3616225095884
1959-04-01,2957.4333333333325,2865.106133905028,2754.306189928023,2557,2778.854540446793,2820.321394378833,2749.956240298554,2749.8301027628963,2691.2957642368665,2667.7656277266383,2746.8745436101426,2810.6061060832176,2511.748669102958,2680.250029771148,2799.825995698264
1959-05-01,3020.328070175437,2931.9296901420253,2818.157966013194,2739,2846.061386979136,2884.6155628831666,2811.317384503818,2810.705896903431,2755.2343029320864,2728.448279778199,2885.794296601236,2865.2400590837715,2421.826462673021,2583.8061864724987,2877.6455282884067
1959-06-01,3174.801754385964,3090.332192051281,2973.717897202313,2714,3005.127319235884,3040.666874676067,2965.071048429621,2963.955519577304,2911.3695700389026,2881.671088132733,2852.830166942499,3081.9004744080435,2771.0584830533,2732.658722223457,3102.640008328245
1959-07-01,3565.0122807017533,3484.471533361547,3365.1438782322243,3102,3400.203523926297,3432.619136311824,3355.3710324285566,3353.745381615377,3303.869088741641,3271.535842755535,3521.0294769774446,3503.618588241987,3294.38921096169,3419.196017675696,3506.67641622885
1959-08-01,4669.801754385964,4593.189815987456,4471.278014366084,3961,4510.125398285951,4539.300700332603,4461.056844630373,4458.927696259596,4411.574380589339,4376.817524507367,4311.117159516558,3758.0948880279625,4096.696249395777,3375.088129073898,3706.876170473379
1959-09-01,3920.0122807017538,3847.329163158191,3722.9624108670528,3772,3765.728339550437,3791.5402547421736,3712.969436377556,3710.356233697579,3665.3166825554026,3628.278874611208,3858.739095304964,3884.399011893371,3243.8098446354625,3465.0494345116604,3787.628988835104
1959-10-01,3450.9596491228062,3382.2053494152506,3255.5128572088124,3245,3302.3214291658605,3324.640507216417,3246.42483240052,3243.359969424307,3200.390542067277,3161.142841707641,3169.5663939439564,3622.044721303994,3226.7241118635084,3379.556128407441,3581.6387678457604
1959-11-01,3271.4333333333325,3206.6078483813835,3077.7188270755737,3104,3128.6874327888563,3147.3781851032795,3070.2140767797982,3066.743047484944,3025.5537119616447,2984.091326791223,3105.1672337141144,3214.55412898546,3136.503953173662,3065.8349655739075,3227.395157250613
1959-12-01,3032.9070175438587,2972.010346704348,2841.054004677862,2869,2896.293326602374,2911.214561738745,2835.8137052263064,2831.995269122757,2792.2375565792418,2748.474436124643,2868.623434685196,2933.322067998998,2693.5769136677945,2788.7427198482146,2933.325402428934
1960-01-01,2856.120614035087,2799.643858423803,2694.818708253839,2513,2753.3947856321192,2779.5492079176083,2704.3328466033927,2696.4565563696283,2661.4754787447555,2630.323230456286,2633.838244477258,2684.0772938156624,2496.7203729793346,2617.0899942485485,2697.6958572936483
1960-02-01,2838.4890350877185,2786.92330689176,2680.321544393229,2385,2741.292869936808,2763.500862369915,2686.8965889678584,2678.723102337293,2651.83646629906,2619.050657659495,2746.981265289569,2517.177722978664,2474.9297271366595,2407.362034509668,2548.4546689282
1960-03-01,2975.1732456140344,2928.5185426985217,2820.3016796757124,2756,2883.7562962465217,2901.982892383484,2824.721379400325,2816.2421729787507,2797.0199399894727,2763.3487626721203,2779.4802305705907,2601.6257808713344,2536.353133182487,2507.228284779476,2607.303089565305
1960-04-01,3083.225877192981,3041.482198702381,2931.811745680239,2927,2997.8293111057374,3012.035351232812,2934.8444642906325,2926.064329573875,2914.080672837484,2880.181009409675,2924.303738329575,2894.7603404988886,2860.1896413747427,2812.4922199108914,2857.9722013731684
1960-05-01,3146.120614035087,3109.287959229431,2998.325426617336,2940,3066.9772136905067,3077.119764151136,3000.725203669899,2991.66210104268,2986.4835948121427,2952.921440817141,3065.875481622781,3055.517673387242,3068.0907629429967,3073.942208698248,3038.7646082029955
1960-06-01,3300.594298245613,3268.6726654287395,3156.579564592261,3180,3227.928461071629,3233.961233593346,3159.0871089324137,3149.7720318931874,3150.946023345615,3118.195806288817,3035.595453254121,3074.59995614965,2925.468997796253,2877.3216280436545,3115.183068841627
1960-07-01,3690.804824561402,3663.794211029058,3550.732054341861,3791,3624.8325629514784,3626.70633397286,3554.0756700243583,3544.552518506321,3551.5956740795327,3520.038489790359,3706.510975567111,3519.485019968728,3659.8518246975273,3532.371411167922,3546.060511834049
1960-08-01,4795.594298245614,4773.49469794502,4659.6250011292905,4093,4736.523239558743,4734.1862695564605,4664.521445793427,4654.846907442456,4667.233926350872,4637.154712924459,4499.346981372237,4120.807627056549,4369.986949818151,4617.18633142305,4119.843438093833
1960-09-01,4045.804824561402,4028.616249405807,3914.100510217713,4309,3993.834211122105,3987.232663937871,3921.25578591627,3911.499224189746,3928.651712918344,3900.235381398076,4049.74935141462,4091.585796345548,3852.532619190846,3868.567680874183,4083.878202258272
1960-10-01,3576.752192982455,3564.4746399529195,3449.4743710808066,3532,3532.0728820807835,3521.151244248348,3459.5844475633967,3449.8277955121207,3471.1032979522524,3444.429838767001,3363.3891952955573,3946.67013322601,3658.159265917131,3745.203337351315,3933.3221929268257
1960-11-01,3397.225877192982,3389.8593432091056,3274.5360574027864,3408,3360.020341084526,3344.721841156668,3288.2875278534057,3278.625186451614,3303.3063653592644,3278.344948786672,3301.834691295626,3488.6807632312093,3519.8667358157945,3353.480470207097,3524.977976853388
1960-12-01,3158.699561403508,3156.2440458221217,3040.7592533941743,2839,3129.141887309377,3109.40891518495,3058.8299226227846,3049.368662507293,3076.652628942112,3053.2547177317047,3068.167659484585,3206.186158580578,3169.970699326336,3134.9879624426103,3208.640992209408
1961-01-01,2981.913157894736,2984.85976183163,2897.444277293132,2792,2987.6915187741524,2978.6153081795755,2932.308414439707,2919.3846265310035,2952.136474242124,2945.113446144113,2836.29134748249,2711.5452700484893,2723.2670553641456,2443.7058052667635,2762.7238613661325
1961-02-01,2964.2815789473675,2973.121414589639,2885.899735689386,2798,2976.9686185306764,2963.463113787523,2919.8350251358133,2907.2547420949754,2948.288730993557,2943.257098370889,2952.375357488614,2711.5324033151883,2658.561616784177,2625.69615508919,2731.545908249516
1961-03-01,3100.965789473684,3115.698854686454,3028.864795162616,3007,3120.7402263021268,3102.8691380790087,3062.6124021267533,3050.4107081030284,3098.7717581313727,3096.300984933698,2987.847422951413,2961.291515707604,3067.374063412337,3135.936053485168,2959.2364317798324
1961-04-01,3209.0184210526304,3229.644714980366,3143.392087291769,3086,3236.048911626104,3213.876956976307,3177.663245189214,3165.886453899021,3220.6046117168544,3221.132593715289,3135.6761418801425,3190.492944016008,3119.961552508721,3140.8182704120727,3179.737601065584
1961-05-01,3271.9131578947363,3298.432679797468,3212.955296287375,3201,3306.358296671753,3279.951702225761,3248.431607283339,3237.136783974236,3297.218109776887,3301.051297312328,3280.285207331058,3262.5133000968613,3206.928432385176,3058.9516114105863,3300.236660985465
1961-06-01,3426.3868421052625,3458.7995902868297,3374.2912642546926,3428,3468.395161502989,3437.822166660885,3411.6249187656576,3400.8793980834794,3465.2973347582547,3472.610067160526,3253.0746121080765,3506.873576553821,3341.1050136827344,3404.804301761512,3566.009828370396
1961-07-01,3816.597368421052,3854.9033401772,3771.557885930568,3754,3866.307338815279,3831.638698939013,3811.3718010684606,3801.252699470109,3868.939928237039,3879.773028922925,3927.091678554711,3909.720634159669,3821.3504618258376,4001.8704251855306,3973.129857955105
1961-08-01,4921.386842105262,4965.586031383215,4883.597266578154,4917,4978.926871830425,4940.23636143631,4926.485143540114,4917.07886488534,4986.919652541789,5001.178334781625,4723.061339481446,4181.346276780446,4432.251998404896,4016.752285634195,4239.829185864329
1961-09-01,4171.597368421051,4221.689787134054,4141.251511460614,3760,4237.085803770215,4194.45071972122,4187.777811863962,4179.179544822187,4250.002588990766,4267.453722437569,4276.629475633408,4534.417102189751,4696.851113640492,5094.603236924373,4585.936468135064
1961-10-01,3702.5447368421046,3758.53038197122,3679.836410051628,3609,3776.089862066974,3729.5915267652135,3730.5362512138126,3722.8494571219976,3793.42123696177,3813.6900259533018,3593.4671966118904,3869.4679941613167,3538.887514253568,2942.614969479181,3952.0928953912494
1961-11-01,3523.018421052631,3584.8972895174584,3508.1414360354106,3471,3604.7184583635553,3554.4427229425164,3563.520405197997,3556.856295006893,3625.8749360774336,3648.4410612018655,3535.1426806974696,3603.2254408866406,3329.0632303282146,3440.770620132298,3635.879728345848
1961-12-01,3284.492105263157,3352.264196420527,3277.640273622484,3347,3374.4352148291164,3320.4729623462795,3338.1741611220805,3332.65116006298,3398.740823154988,3422.934098632863,3304.737747959908,3233.892557109285,3106.1618820762087,2868.315614858615,3250.9255699170017
1962-01-01,3107.705701754385,3181.862116720088,3137.633241051007,3333,3233.4924524755606,3191.0893642591955,3215.57242449074,3207.5329697118045,3273.0028340086965,3313.0839142070204,3076.155646019258,3150.2472883936343,3041.887684798929,3263.6618590947564,3150.2085004385617
1962-02-01,3090.0741228070165,3171.10597376815,3129.4289449107114,3456,3223.18787734784,3177.418383629976,3206.804458033097,3200.0545509267445,3267.185849193173,3308.1951082960754,3195.5659770747907,3178.433085080119,3157.8059292859944,3305.7716819711823,3189.1231988231925
1962-03-01,3226.7583333333323,3314.665618155017,3275.7665517812698,3569,3367.2868521622204,3318.3812716959774,3353.0492545128,3347.6173849659585,3414.9511658304064,3456.860789024928,3234.396474574968,3417.9526786730808,3508.9694468199123,3624.987524847036,3417.444311696019
1962-04-01,3334.81096491228,3429.593682738982,3393.698693241637,3900,3482.830269449425,3431.0261334120414,3471.304949995283,3467.2237723746416,3533.322066100004,3575.956457396695,3385.615736529042,3540.239100921186,3671.23792239352,3609.856031881825,3571.028695200807
1962-05-01,3397.705701754385,3499.3638518461366,3466.6990535023383,3909,3553.2800743716925,3498.822713422426,3544.990111162224,3542.295447359026,3605.739296517956,3648.780823262134,3533.6474559932667,3727.192542598792,3822.944608566954,3981.4378065976143,3773.1212521204016
1962-06-01,3552.1793859649115,3660.712966625552,3631.504474668635,4098,3715.361369986049,3658.504501323941,3710.785746014597,3709.515567342508,3768.903998996752,3811.898683851311,3509.891625771565,3851.997763115904,4067.827294895929,4096.991965442616,3947.491755739719
1962-07-01,3942.389912280701,4057.798920805975,4032.272851477367,4826,4113.220311981067,4054.226626402725,4112.793104043034,4112.986490401721,4166.9364484191565,4209.299701200524,4187.395568207442,4202.481698684725,4693.263911084071,4389.702735999992,4326.364190243392
1962-08-01,5047.179385964912,5169.463816302042,5147.846289191697,5770,5225.687266571653,5164.829015529013,5229.796739559541,5231.492814271585,5278.640071633893,5319.662555498728,4986.884216111391,4640.694589770634,5366.609942883282,5950.770968892084,4774.017682144117
1962-09-01,4297.389912280701,4426.549776342934,4409.06689307478,5108,4483.59259997271,4421.1521826308135,4492.580206605875,4495.817045335765,4534.818117763537,4573.671845609048,4544.00345022853,4583.99012092564,5154.450021952176,4581.513182102892,4692.028769418816
1962-10-01,3828.3372807017536,3964.3725754701513,3951.250452600301,4360,4022.240362609662,3958.5109129044695,4036.399648600902,4041.2131607633687,4070.74824420518,4106.493003623285,3864.424380160155,4318.317729553966,4721.733864279409,4917.494273911452,4465.679336300493
1962-11-01,3648.81096491228,3791.7216873064426,3783.186441452469,4100,3850.408289118457,3785.694262814573,3869.98370377558,3876.4064848443854,3895.183440848875,3926.773647624429,3809.715184186847,3910.008990652404,4350.547876672563,4191.060118041803,4050.528367554912
1962-12-01,3410.2846491228065,3560.0707984995643,3556.3485438418134,3562,3619.558324661377,3554.176086409966,3644.7439369257936,3652.804090047653,3659.5635042746535,3685.855587130269,3582.957682378362,3677.5378395248895,3874.633435680257,3937.63777797273,3776.160392683065
1963-01-01,3233.498245614034,3390.650923089177,3420.037078006489,3284,3477.94111324342,3427.368786794465,3521.7219004058643,3527.6591723405195,3524.944572329211,3559.7904734776407,3358.0551223547554,3407.4355580013053,3743.420805368858,3513.648300656736,3497.242240612324
1963-02-01,3215.866666666666,3380.8769844272915,3415.560650536227,3278,3466.852683902658,3416.404186603334,3511.972459644232,3519.477112525832,3509.9338182133315,3538.043786735931,3481.177106315302,3341.497445537207,3596.469915140806,3366.0640619684928,3434.0444897388084
1963-03-01,3352.5508771929817,3525.418833104212,3565.658428010703,3424,3610.056722348452,3560.2089886258154,3656.6391524435385,3665.610188367825,3648.285486582357,3669.395257139304,3523.751367708456,3522.7185503932783,3698.887484754231,3352.6854354383468,3616.794154493362
1963-04-01,3460.603508771929,3641.329101978229,3687.383042008869,3843,3724.592444104621,3675.836833233986,3772.683588741267,3783.009706760398,3757.12704225226,3770.934560218552,3678.7465045434737,3807.9399269871774,3788.856457269442,3715.623900330065,3909.351561667385
1963-05-01,3523.498245614034,3712.0814753754366,3764.208176741252,3614,3793.920117326538,3746.763084354953,3843.486724411756,3855.044585039888,3820.015246011007,3826.204016031423,3830.586209876612,4007.763259651334,3874.866653108444,3813.269454973579,4134.2672532491
1963-06-01,3677.97192982456,3874.412794444903,3932.87067431311,3536,3954.7631680643153,3909.7269347335214,4005.6908584627454,4018.343307251683,3973.779698542941,3972.043426351348,3810.6704765117865,4080.40292805217,3987.5054007648,3763.243658028488,4280.379008414774
1963-07-01,4068.18245614035,4272.480952915379,4337.528429461287,4505,4351.266074999627,4308.889300669366,4403.35741969516,4416.951668070911,4362.68220756917,4352.750887514749,4492.046626792508,4401.946567035038,4170.540755705464,4218.651839175753,4635.688987725589
1963-08-01,5172.971929824561,5385.128052701499,5457.023547448944,5456,5462.2575273405,5423.095979911607,5515.230016525755,5529.595778063047,5465.681453130829,5447.349057750502,5295.43959352927,4813.052522192538,5438.841554397917,5411.947992194309,5029.833476791289
1963-09-01,4423.18245614035,4643.196217032444,4722.198133539236,4881,4718.566214294928,4683.193441132605,4772.050118387364,4786.997698704354,4713.750321231472,4686.904252150753,4856.495257467184,4835.641285469419,4534.1230016725785,4750.531980127624,5033.501498483392
1963-10-01,3954.1298245614025,4182.001220449714,4268.367977205848,4041,4255.494509281458,4224.502508138347,4309.030631865204,4324.348970319659,4242.351170364457,4207.003633664646,4180.884728207554,4534.03449324617,4224.892197721685,4091.365542678439,4725.717307107856
1963-11-01,3774.603508771929,4010.332536576058,4104.32255213299,3724,4081.8184699291432,4055.818359868525,4134.855792624775,4150.310453992386,4060.437453597474,4016.758926346328,4130.176184030956,4098.6470972127245,3900.4483555806783,3731.3140745979545,4254.451439265738
1963-12-01,3536.077192982455,3779.663852059232,3881.5355425311895,3525,3848.9983643933538,3828.621056712497,3900.891583653998,3916.222697969982,3819.665908254402,3768.020866757116,3907.451445007148,3657.273144179082,3341.972107779065,3140.95248970165,3747.763478742794
1964-01-01,3359.290789473683,3611.2261809388974,3749.307266638603,3437,3705.283159672223,3706.329291979911,3768.132782748704,3779.270278102301,3681.3268237148095,3637.397388027706,3686.613758756185,3391.9876130686503,3258.504439803579,3206.653525904629,3445.408876801296
1964-02-01,3341.659210526315,3602.4344465670647,3748.94633104496,3324,3691.967207796892,3700.081262377423,3747.58627451762,3757.887824071969,3664.279486704308,3614.960229688981,3813.832727477344,3375.169424650378,3389.293976885231,3393.356230090825,3426.44912419546
1964-03-01,3478.343421052631,3747.958499534038,3903.1919023299374,3977,3832.812517469849,3848.81012863082,3880.346396174784,3889.354696184271,3802.548986736375,3750.148073198,3860.536084619077,3548.357811377046,3465.329305208072,3430.8427254298917,3619.637497236585
1964-04-01,3586.396052631578,3864.8509726981074,4029.096612072488,4025,3944.8566272080334,3969.576072914421,3983.32432379065,3990.547081974151,3913.553152486372,3860.765044266084,4019.6924281906377,4034.156887867858,4055.996800949575,4360.971511078164,4089.938932468348
1964-05-01,3649.290789473683,3936.5855503853672,4110.134144483136,4016,4011.558128159906,4045.861084822665,4039.849332584454,4044.756541728265,3981.159433863747,3931.1263142542034,4175.725451248287,3935.6203744661966,3891.072855744736,3758.1871710066735,4043.5879997729166
1964-06-01,3803.76447368421,4099.899073744887,4283.04134166714,4031,4169.638769368668,4214.411066633341,4186.510780611461,4188.531928735019,4142.529270860988,4098.9059362501885,4160.035146595939,3979.800076862784,4003.433157882055,3900.358922439149,4151.863201701112
1964-07-01,4193.974999999999,4498.949436505416,4691.976098361349,4489,4563.241352509131,4619.393728044303,4567.315881914146,4565.837096960624,4542.278304565388,4509.300755770602,4845.668836577104,4417.164980854934,4889.017150948133,4965.539905277963,4635.08117740761
1964-08-01,5298.76447368421,5612.578740581588,5815.780519828917,5563,5671.192889782416,5739.661744068476,5660.952742836824,5655.313869838186,5659.741905465412,5642.299876363673,5653.351454002277,4732.131226207494,5610.526096567959,5402.723004834685,4941.426806309751
1964-09-01,4548.974999999999,4871.629109202585,5085.296711333005,5709,4924.320393389635,5006.068544507126,4898.106029912982,4887.597638588681,4926.293389349866,4930.007055902579,5218.72887961657,4789.111969329059,4993.839208255449,4951.566982772554,4961.18463641044
1964-10-01,4079.922368421052,4411.416316909908,4635.8404623472925,4620,4457.9245597424215,4553.941998160805,4413.930532497299,4397.790853232369,4477.820185634929,4509.121303142705,4547.472223021283,4626.783760468806,4611.948816204971,4838.696197015328,4791.198087556561
1964-11-01,3900.396052631578,4240.729837326305,4476.201246555993,4160,4280.779769462932,4392.0844128291465,4217.051041180167,4194.462827345289,4323.726380943942,4389.944103367056,4501.149662496997,4157.653057790014,4419.473631015173,4269.579334655187,4333.236376682881
1964-12-01,3661.869736842104,4011.043357099531,4257.852748169633,4012,4044.344613699659,4171.983061626615,3958.77275252274,3928.8600670826177,4116.145850177573,4225.597490852555,4282.843018113466,3795.076501892064,3886.592226805537,3924.625212688975,3933.2934214184265
1965-01-01,3485.0833333333326,3843.587890269249,4130.0952854263705,3987,3896.866382443839,4057.063934453629,3800.028303033825,3758.07057400984,4016.87348568781,4194.045964540639,4066.4555374907495,3613.4910236277815,3701.173794999824,3888.533955919624,3703.2011525602406
1965-02-01,3467.451754385964,3835.778360187469,4134.23746491593,4155,3879.637750719701,4058.4726084727854,3751.761067663705,3700.429833495805,4045.301624353665,4286.806942151585,4198.156822828118,3640.103878657564,3895.155507517573,3842.349569911291,3725.436017216542
1965-03-01,3604.13596491228,3982.2846174444944,4293.018453217999,4054,4016.419050222894,4215.149708731519,3855.000492089581,3793.11545344057,4236.017855141002,4554.857854949036,4249.374607574028,4024.20811589477,4460.723871879491,4774.484386417918,4143.036879109928
1965-04-01,3712.188596491227,4100.159294898617,4423.490881911515,4485,4124.246142463386,4344.162965590786,3926.591465454701,3852.899222590544,4407.03297836675,4817.638725788989,4413.077489737733,4089.550670374306,4488.057238938567,4061.639830868071,4231.581876654224
1965-05-01,3775.0833333333326,4172.87607687593,4509.128435207014,4558,4186.575941582791,4429.002000697464,3949.795567154804,3862.965617544008,4542.838931355315,5061.201965706148,4573.689162375495,4240.221647027616,4394.346898340464,4435.395885985407,4396.050911498626
1965-06-01,3929.5570175438593,4337.171804525502,4686.667955209756,4462,4340.128519617419,4606.420432246884,4061.133037014552,3959.7536842545865,4781.254222079801,5425.064525546231,4562.609618291224,4281.381917532497,4428.269716313418,4540.589801820224,4488.51601403337
1965-07-01,4319.767543859648,4737.204371576083,5100.267336656578,4594,4729.045001235178,5020.593769720011,4404.540534928827,4287.114706735467,5267.585226069826,6056.376245962181,5252.886179828433,4481.513252282017,5159.303705223094,4881.428193171007,4743.348048292252
1965-08-01,5424.557017543859,5851.815879942307,6228.768684810644,6481,5832.150721630291,6150.382571778097,5458.634163669463,5323.5751366480745,6481.892822082776,7437.193887563148,6065.243779797618,4778.684273490578,5971.379865484803,5627.60496686112,5058.293716551852
1965-09-01,4674.767543859648,5111.848452853357,5503.01410493511,6345,5080.271015996963,5426.648235736427,4654.025123262698,4499.652152195506,5856.311736996907,7001.80821867446,5635.3282989438885,5050.542413196852,5942.58469435291,6594.601559671539,5309.064625131423
1965-10-01,4205.7149122807,4652.617864850734,5058.319386503661,5142,4608.7049037399465,4984.72668177464,4125.793260112583,3950.3271094798015,5527.527864914077,6889.229433851042,4968.810846868545,4857.925110834973,5245.124647457478,5224.473814237466,5125.528767615356
1965-11-01,4026.188596491228,4482.913589557182,4903.474003200508,4824,4426.225088474535,4833.428352937084,3882.486931905981,3684.045307376354,5505.78198357268,7112.19933269116,4927.259601852171,4431.77196187052,4800.60449984801,4639.745919343895,4690.961191824303
1965-12-01,3787.662280701754,4254.209313620462,4689.951639236171,4573,4184.288484342282,4624.2487414482775,3575.3333988387767,3351.926276446427,5444.084080271142,7326.414479961475,4713.756383964517,4206.089709741724,4601.677349065787,4636.357872027791,4420.5499587914455
1966-01-01,3610.8758771929815,4087.736051080232,4567.052612848816,4158,4031.140704327545,4520.622140183998,3365.1858440820724,3110.928041433732,5505.145798589724,7712.553345011272,4502.204440825645,4089.329857720559,4564.127198606559,4513.07858375091,4244.418913978326
1966-02-01,3593.2442982456128,4080.908725288505,4576.085530628168,4140,4008.072746447693,4533.702513147798,3262.906658769505,2979.253069092161,5709.318105254012,8264.992118255892,4638.773374634824,3902.244039821997,4314.902644845188,4284.95681131377,4071.904471084595
1966-03-01,3729.928508771929,4228.397186835583,4739.789559153907,4251,4138.843265391412,4702.4389560932,3309.442760771526,2993.942866121293,6092.190360497373,9037.71730929772,4694.890918840512,3948.1416713678177,4516.756323819856,3997.788025404745,4137.355734254574
1966-04-01,3837.981140350877,4347.254068579758,4875.21733000498,4734,4240.486445661822,4843.907753952878,3321.554953926163,2971.629996464869,6472.819562975007,9853.333971218864,4863.525671451962,4280.353412600477,4689.039323689933,4640.332178335202,4478.250306770517
1966-05-01,3900.8758771929815,4420.953054847123,4965.842527391915,4858,4296.457524393647,4941.607166810672,3282.4191613154617,2895.35654706798,6836.789584230321,10701.221288846533,5029.101325525434,4460.173004249399,4737.319601646201,4774.87247971338,4673.537972806118
1966-06-01,4055.349561403508,4586.230986786748,5148.401993419973,4798,4443.474896616272,5132.299535164359,3328.468381933555,2901.415967908445,7323.057934563297,11724.390670256416,5023.017873864842,4451.897875796188,4728.008763301079,4722.037648918204,4710.054854738728
1966-07-01,4445.560087719297,4987.245758127382,5567.053622825997,5080,4825.678009990725,5560.169174662745,3603.550436819591,3133.510698999444,8078.118415604967,13073.660186098614,5718.322638813695,4630.997576738004,5127.123344642403,4892.520759955514,4959.920933877018
1966-08-01,5550.349561403507,6102.839470783659,6700.639520873148,6905,5921.890522704371,6704.085534000374,4586.190978352366,4070.015058050388,9583.269135493476,15234.934841783444,6535.74055318249,5000.38318164489,6526.318903698091,6929.772142001224,5341.994597546805
1966-09-01,4800.560087719297,5363.854247984761,5980.00179282458,5504,5162.936092944479,5994.918984390982,3706.90913112244,3141.2907572038725,9271.933257106382,15646.540062503616,6110.917497716338,5146.0802019829225,6673.277211892168,6734.969845657073,5454.659626901842
1966-10-01,4331.50745614035,4905.60586427219,5540.456228153977,5457,4684.11206310892,5568.014503778378,3100.6910275439186,2482.160312011072,9282.137744668562,16451.713665382664,5449.524582016539,4798.048667516635,4949.217420705092,4249.050665109018,5122.69935274591
1966-11-01,4151.981140350877,4736.883793268691,5390.792300545551,5198,4494.189459806081,5432.1916768361225,2775.989659249216,2100.906763694705,9625.518531959196,17667.624752483694,5413.129984363674,4677.478469913071,4777.102185386804,5100.192725004152,4948.512770941042
1966-12-01,3913.454824561403,4509.161721622024,5182.483694209828,4890,4244.623520170631,5238.955221283718,2383.935254810161,1648.4839252260183,9956.536324567813,18954.603746330224,5204.815524827501,4495.835000612567,4907.60242833056,4914.660053547132,4729.919052628776
